Workbook

Sheet IPL 2026
A1: Match No | B1: Date | C1: Day | D1: Time | E1: Home | F1: Column1 | G1: Away | H1: Venue
A2: 1 | B2: 28-MAR-26 | C2: Sat | D2: 7:30 PM | E2: SRH | F2: vs | G2: RCB | H2: Bengaluru
A3: 2 | B3: 29-MAR-26 | C3: Sun | D3: 7:30 PM | E3: KKR | F3: vs | G3: MI | H3: Mumbai
A4: 3 | B4: 30-MAR-26 | C4: Mon | D4: 7:30 PM | E4: CSK | F4: vs | G4: RR | H4: Guwahati
A5: 4 | B5: 31-MAR-26 | C5: Tue | D5: 7:30 PM | E5: GT | F5: vs | G5: PBKS | H5: New Chandigarh
A6: 5 | B6: 01-APR-26 | C6: Wed | D6: 7:30 PM | E6: DC | F6: vs | G6: LSG | H6: Lucknow
A7: 6 | B7: 02-APR-26 | C7: Thu | D7: 7:30 PM | E7: SRH | F7: vs | G7: KKR | H7: Kolkata
A8: 7 | B8: 03-APR-26 | C8: Fri | D8: 7:30 PM | E8: PBKS | F8: vs | G8: CSK | H8: Chennai
A9: 8 | B9: 04-APR-26 | C9: Sat | D9: 3:30 PM | E9: MI | F9: vs | G9: DC | H9: Delhi
A10: 9 | B10: 04-APR-26 | C10: Sat | D10: 7:30 PM | E10: RR | F10: vs | G10: GT | H10: Ahmedabad
A11: 10 | B11: 05-APR-26 | C11: Sun | D11: 3:30 PM | E11: LSG | F11: vs | G11: SRH | H11: Hyderabad
A12: 11 | B12: 05-APR-26 | C12: Sun | D12: 7:30 PM | E12: CSK | F12: vs | G12: RCB | H12: Bengaluru
A13: 12 | B13: 06-APR-26 | C13: Mon | D13: 7:30 PM | E13: PBKS | F13: vs | G13: KKR | H13: Kolkata
... A71: 70 | B71: 24-MAY-26 | C71: Sun | D71: 7:30 PM | E71: DC | F71: vs | G71: KKR | H71: Kolkata

Sheet Ohana Matches
A1: Match no | B1: Date | C1: Match Info | D1: AnuragKYodha | E1: Breastteam | F1: STARKBLR | G1: VinoCSKian | H1: RaviRCBian | I1: ThandaMilk | J1: BenChokes11 | K1: Rodney Ke Kiraak Pathey | L1: Rohitag87 | M1: Joy | N1: CdrGolmol | O1: dIbZy | P1: Rahul_soul | Q1: unityzmbgod0 | U1: Total
A2: 1 | B2: 46109 | C2: RCB vs SRH | D2: 50 | E2: 50 | F2: 50 | G2: 50 | H2: 50 | I2: 50 | J2: 50 | K2: 30 | L2: 50 | M2: 50 | N2: 50 | O2: 50 | P2: 50 | Q2: 50 | U2: =SUM(D2:T2) -> 680
A3: 2 | B3: 46110 | C3: MI vs KKR | U3: =SUM(D3:T3) -> 0
A4: 3 | B4: 46111 | C4: RR vs CSK | U4: =SUM(D4:T4) -> 0
A5: 4 | B5: 46112 | C5: PBKS vs GT | U5: =SUM(D5:T5) -> 0
A6: 5 | B6: 46113 | C6: LSG vs DC | U6: =SUM(D6:T6) -> 0
A7: 6 | B7: 46114 | C7: KKR vs SRH | U7: =SUM(D7:T7) -> 0
A8: 7 | B8: 46115 | C8: CSK vs PBKS | U8: =SUM(D8:T8) -> 0
A9: 8 | B9: 46116 | C9: DC vs MI | U9: =SUM(D9:T9) -> 0
A10: 9 | B10: 46116 | C10: GT vs RR | U10: =SUM(D10:T10) -> 0
A11: 10 | B11: 46117 | C11: SRH vs LSG | U11: =SUM(D11:T11) -> 0
A12: 11 | B12: 46117 | C12: RCB vs CSK | U12: =SUM(D12:T12) -> 0
A13: 12 | B13: 46118 | C13: KKR vs PBKS | U13: =SUM(D13:T13) -> 0
A14: 13 | B14: 46119 | C14: MI Vs RR | U14: =SUM(D14:T14) -> 0
... A71: 70 | B71: 46166 | C71: DC vs KKR | U71: =SUM(D71:T71) -> 0
A72: Total

Sheet Winner
A1: Match no | B1: Date | C1: Match Info | D1: Winner 1 | E1: Winner 2 | F1: Winner 3 | G1: Winner 4 | H1: Winner 5 | L1: Teams
A2: 1 | B2: 46109 | C2: RCB vs SRH | D2: AnuragKYodha | E2: RaviRCBian | F2: Rohitag87 | G2: BenChokes11 | H2: Rahul_soul | L2: AnuragKYodha
A3: 2 | B3: 46110 | C3: MI vs KKR | D3: RaviRCBian | E3: ThandaMilk | F3: BenChokes11 | G3: Rodney Ke Kiraak Pathey | H3: Rohitag87 | L3: Breastteam
A4: 3 | B4: 46111 | C4: RR vs CSK | D4: Joy | E4: CdrGolmol | F4: dIbZy | G4: Rahul_soul | H4: unityzmbgod0 | L4: STARKBLR
A5: 4 | B5: 46112 | C5: PBKS vs GT | D5: AnuragKYodha | E5: RaviRCBian | F5: BenChokes11 | G5: Rodney Ke Kiraak Pathey | H5: Rohitag87 | L5: VinoCSKian
A6: 5 | B6: 46113 | C6: LSG vs DC | D6: BenChokes11 | E6: Rahul_soul | F6: Joy | G6: CdrGolmol | H6: dIbZy | L6: RaviRCBian
A7: 6 | B7: 46114 | C7: KKR vs SRH | L7: ThandaMilk
A8: 7 | B8: 46115 | C8: CSK vs PBKS | L8: BenChokes11
A9: 8 | B9: 46116 | C9: DC vs MI | L9: Rodney Ke Kiraak Pathey
A10: 9 | B10: 46116 | C10: GT vs RR | L10: Rohitag87
A11: 10 | B11: 46117 | C11: SRH vs LSG | L11: Joy
A12: 11 | B12: 46117 | C12: RCB vs CSK | L12: CdrGolmol
A13: 12 | B13: 46118 | C13: KKR vs PBKS | L13: dIbZy
A14: 13 | B14: 46119 | C14: MI Vs RR | L14: Rahul_soul
A15: 14 | B15: 46120 | C15: GT Vs DC | L15: unityzmbgod0
A16: 15 | B16: 46121 | C16: LSG Vs KKR
A17: 16 | B17: 46122 | C17: RCB Vs RR
A18: 17 | B18: 46123 | C18: SRH Vs PBKS
A19: 18 | B19: 46123 | C19: DC Vs CSK
A20: 19 | B20: 46124 | C20: GT Vs LSG
A21: 20 | B21: 46124 | C21: RCB Vs MI
A22: 21 | B22: 46125 | C22: RR Vs SRH
A23: 22 | B23: 46126 | C23: KKR Vs CSK
A24: 23 | B24: 46127 | C24: LSG Vs RCB
A25: 24 | B25: 46128 | C25: PBKS Vs MI
A26: 25 | B26: 46129 | C26: KKR Vs GT
A27: 26 | B27: 46130 | C27: DC Vs RCB
... A71: 70 | B71: 46166 | C71: DC vs KKR
A72: Total

Sheet Winner Calculation
A1: Match no | B1: Date | C1: Match Info | D1: AnuragKYodha | E1: Breastteam | F1: STARKBLR | G1: VinoCSKian | H1: RaviRCBian | I1: ThandaMilk | J1: BenChokes11 | K1: Rodney Ke Kiraak Pathey | L1: Rohitag87 | M1: Joy | N1: CdrGolmol | O1: dIbZy | P1: Rahul_soul | Q1: unityzmbgod0 | R1: Total
A2: 1 | B2: 46109 | C2: RCB vs SRH | D2: =IF(D$1=Winner!$D2,'Ohana Matches'!$U2*0.4, IF(D$1=Winner!$E2,'Ohana Matches'!$U2*0.25, IF(D$1=Winner!$F2,'Ohana Matches'!$U2*0.15, IF(D$1=Winner!$G2,'Ohana Matches'!$U2*0.12, IF(D$1=Winner!$H2,'Ohana Matches'!$U2*0.08,0))))) -> 272 | E2: =IF(E$1=Winner!$D2,'Ohana Matches'!$U2*0.4, IF(E$1=Winner!$E2,'Ohana Matches'!$U2*0.25, IF(E$1=Winner!$F2,'Ohana Matches'!$U2*0.15, IF(E$1=Winner!$G2,'Ohana Matches'!$U2*0.12, IF(E$1=Winner!$H2,'Ohana Matches'!$U2*0.08,0))))) -> 0 | F2: =IF(F$1=Winner!$D2,'Ohana Matches'!$U2*0.4, IF(F$1=Winner!$E2,'Ohana Matches'!$U2*0.25, IF(F$1=Winner!$F2,'Ohana Matches'!$U2*0.15, IF(F$1=Winner!$G2,'Ohana Matches'!$U2*0.12, IF(F$1=Winner!$H2,'Ohana Matches'!$U2*0.08,0))))) -> 0 | G2: =IF(G$1=Winner!$D2,'Ohana Matches'!$U2*0.4, IF(G$1=Winner!$E2,'Ohana Matches'!$U2*0.25, IF(G$1=Winner!$F2,'Ohana Matches'!$U2*0.15, IF(G$1=Winner!$G2,'Ohana Matches'!$U2*0.12, IF(G$1=Winner!$H2,'Ohana Matches'!$U2*0.08,0))))) -> 0 | H2: =IF(H$1=Winner!$D2,'Ohana Matches'!$U2*0.4, IF(H$1=Winner!$E2,'Ohana Matches'!$U2*0.25, IF(H$1=Winner!$F2,'Ohana Matches'!$U2*0.15, IF(H$1=Winner!$G2,'Ohana Matches'!$U2*0.12, IF(H$1=Winner!$H2,'Ohana Matches'!$U2*0.08,0))))) -> 170 | I2: =IF(I$1=Winner!$D2,'Ohana Matches'!$U2*0.4, IF(I$1=Winner!$E2,'Ohana Matches'!$U2*0.25, IF(I$1=Winner!$F2,'Ohana Matches'!$U2*0.15, IF(I$1=Winner!$G2,'Ohana Matches'!$U2*0.12, IF(I$1=Winner!$H2,'Ohana Matches'!$U2*0.08,0))))) -> 0 | J2: =IF(J$1=Winner!$D2,'Ohana Matches'!$U2*0.4, IF(J$1=Winner!$E2,'Ohana Matches'!$U2*0.25, IF(J$1=Winner!$F2,'Ohana Matches'!$U2*0.15, IF(J$1=Winner!$G2,'Ohana Matches'!$U2*0.12, IF(J$1=Winner!$H2,'Ohana Matches'!$U2*0.08,0))))) -> 81.6 | K2: =IF(K$1=Winner!$D2,'Ohana Matches'!$U2*0.4, IF(K$1=Winner!$E2,'Ohana Matches'!$U2*0.25, IF(K$1=Winner!$F2,'Ohana Matches'!$U2*0.15, IF(K$1=Winner!$G2,'Ohana Matches'!$U2*0.12, IF(K$1=Winner!$H2,'Ohana Matches'!$U2*0.08,0))))) -> 0 | ... Q2: =IF(Q$1=Winner!$D2,'Ohana Matches'!$U2*0.4, IF(Q$1=Winner!$E2,'Ohana Matches'!$U2*0.25, IF(Q$1=Winner!$F2,'Ohana Matches'!$U2*0.15, IF(Q$1=Winner!$G2,'Ohana Matches'!$U2*0.12, IF(Q$1=Winner!$H2,'Ohana Matches'!$U2*0.08,0))))) -> 0 | R2: =SUM(D2:Q2) -> 680
A3: 2 | B3: 46110 | C3: MI vs KKR | D3: =IF(D$1=Winner!$D3,'Ohana Matches'!$U3*0.4, IF(D$1=Winner!$E3,'Ohana Matches'!$U3*0.25, IF(D$1=Winner!$F3,'Ohana Matches'!$U3*0.15, IF(D$1=Winner!$G3,'Ohana Matches'!$U3*0.12, IF(D$1=Winner!$H3,'Ohana Matches'!$U3*0.08,0))))) -> 0 | E3: =IF(E$1=Winner!$D3,'Ohana Matches'!$U3*0.4, IF(E$1=Winner!$E3,'Ohana Matches'!$U3*0.25, IF(E$1=Winner!$F3,'Ohana Matches'!$U3*0.15, IF(E$1=Winner!$G3,'Ohana Matches'!$U3*0.12, IF(E$1=Winner!$H3,'Ohana Matches'!$U3*0.08,0))))) -> 0 | F3: =IF(F$1=Winner!$D3,'Ohana Matches'!$U3*0.4, IF(F$1=Winner!$E3,'Ohana Matches'!$U3*0.25, IF(F$1=Winner!$F3,'Ohana Matches'!$U3*0.15, IF(F$1=Winner!$G3,'Ohana Matches'!$U3*0.12, IF(F$1=Winner!$H3,'Ohana Matches'!$U3*0.08,0))))) -> 0 | G3: =IF(G$1=Winner!$D3,'Ohana Matches'!$U3*0.4, IF(G$1=Winner!$E3,'Ohana Matches'!$U3*0.25, IF(G$1=Winner!$F3,'Ohana Matches'!$U3*0.15, IF(G$1=Winner!$G3,'Ohana Matches'!$U3*0.12, IF(G$1=Winner!$H3,'Ohana Matches'!$U3*0.08,0))))) -> 0 | H3: =IF(H$1=Winner!$D3,'Ohana Matches'!$U3*0.4, IF(H$1=Winner!$E3,'Ohana Matches'!$U3*0.25, IF(H$1=Winner!$F3,'Ohana Matches'!$U3*0.15, IF(H$1=Winner!$G3,'Ohana Matches'!$U3*0.12, IF(H$1=Winner!$H3,'Ohana Matches'!$U3*0.08,0))))) -> 0 | I3: =IF(I$1=Winner!$D3,'Ohana Matches'!$U3*0.4, IF(I$1=Winner!$E3,'Ohana Matches'!$U3*0.25, IF(I$1=Winner!$F3,'Ohana Matches'!$U3*0.15, IF(I$1=Winner!$G3,'Ohana Matches'!$U3*0.12, IF(I$1=Winner!$H3,'Ohana Matches'!$U3*0.08,0))))) -> 0 | J3: =IF(J$1=Winner!$D3,'Ohana Matches'!$U3*0.4, IF(J$1=Winner!$E3,'Ohana Matches'!$U3*0.25, IF(J$1=Winner!$F3,'Ohana Matches'!$U3*0.15, IF(J$1=Winner!$G3,'Ohana Matches'!$U3*0.12, IF(J$1=Winner!$H3,'Ohana Matches'!$U3*0.08,0))))) -> 0 | K3: =IF(K$1=Winner!$D3,'Ohana Matches'!$U3*0.4, IF(K$1=Winner!$E3,'Ohana Matches'!$U3*0.25, IF(K$1=Winner!$F3,'Ohana Matches'!$U3*0.15, IF(K$1=Winner!$G3,'Ohana Matches'!$U3*0.12, IF(K$1=Winner!$H3,'Ohana Matches'!$U3*0.08,0))))) -> 0 | ... Q3: =IF(Q$1=Winner!$D3,'Ohana Matches'!$U3*0.4, IF(Q$1=Winner!$E3,'Ohana Matches'!$U3*0.25, IF(Q$1=Winner!$F3,'Ohana Matches'!$U3*0.15, IF(Q$1=Winner!$G3,'Ohana Matches'!$U3*0.12, IF(Q$1=Winner!$H3,'Ohana Matches'!$U3*0.08,0))))) -> 0 | R3: =SUM(D3:N3) -> 0
A4: 3 | B4: 46111 | C4: RR vs CSK | D4: =IF(D$1=Winner!$D4,'Ohana Matches'!$U4*0.4, IF(D$1=Winner!$E4,'Ohana Matches'!$U4*0.25, IF(D$1=Winner!$F4,'Ohana Matches'!$U4*0.15, IF(D$1=Winner!$G4,'Ohana Matches'!$U4*0.12, IF(D$1=Winner!$H4,'Ohana Matches'!$U4*0.08,0))))) -> 0 | E4: =IF(E$1=Winner!$D4,'Ohana Matches'!$U4*0.4, IF(E$1=Winner!$E4,'Ohana Matches'!$U4*0.25, IF(E$1=Winner!$F4,'Ohana Matches'!$U4*0.15, IF(E$1=Winner!$G4,'Ohana Matches'!$U4*0.12, IF(E$1=Winner!$H4,'Ohana Matches'!$U4*0.08,0))))) -> 0 | F4: =IF(F$1=Winner!$D4,'Ohana Matches'!$U4*0.4, IF(F$1=Winner!$E4,'Ohana Matches'!$U4*0.25, IF(F$1=Winner!$F4,'Ohana Matches'!$U4*0.15, IF(F$1=Winner!$G4,'Ohana Matches'!$U4*0.12, IF(F$1=Winner!$H4,'Ohana Matches'!$U4*0.08,0))))) -> 0 | G4: =IF(G$1=Winner!$D4,'Ohana Matches'!$U4*0.4, IF(G$1=Winner!$E4,'Ohana Matches'!$U4*0.25, IF(G$1=Winner!$F4,'Ohana Matches'!$U4*0.15, IF(G$1=Winner!$G4,'Ohana Matches'!$U4*0.12, IF(G$1=Winner!$H4,'Ohana Matches'!$U4*0.08,0))))) -> 0 | H4: =IF(H$1=Winner!$D4,'Ohana Matches'!$U4*0.4, IF(H$1=Winner!$E4,'Ohana Matches'!$U4*0.25, IF(H$1=Winner!$F4,'Ohana Matches'!$U4*0.15, IF(H$1=Winner!$G4,'Ohana Matches'!$U4*0.12, IF(H$1=Winner!$H4,'Ohana Matches'!$U4*0.08,0))))) -> 0 | I4: =IF(I$1=Winner!$D4,'Ohana Matches'!$U4*0.4, IF(I$1=Winner!$E4,'Ohana Matches'!$U4*0.25, IF(I$1=Winner!$F4,'Ohana Matches'!$U4*0.15, IF(I$1=Winner!$G4,'Ohana Matches'!$U4*0.12, IF(I$1=Winner!$H4,'Ohana Matches'!$U4*0.08,0))))) -> 0 | J4: =IF(J$1=Winner!$D4,'Ohana Matches'!$U4*0.4, IF(J$1=Winner!$E4,'Ohana Matches'!$U4*0.25, IF(J$1=Winner!$F4,'Ohana Matches'!$U4*0.15, IF(J$1=Winner!$G4,'Ohana Matches'!$U4*0.12, IF(J$1=Winner!$H4,'Ohana Matches'!$U4*0.08,0))))) -> 0 | K4: =IF(K$1=Winner!$D4,'Ohana Matches'!$U4*0.4, IF(K$1=Winner!$E4,'Ohana Matches'!$U4*0.25, IF(K$1=Winner!$F4,'Ohana Matches'!$U4*0.15, IF(K$1=Winner!$G4,'Ohana Matches'!$U4*0.12, IF(K$1=Winner!$H4,'Ohana Matches'!$U4*0.08,0))))) -> 0 | ... Q4: =IF(Q$1=Winner!$D4,'Ohana Matches'!$U4*0.4, IF(Q$1=Winner!$E4,'Ohana Matches'!$U4*0.25, IF(Q$1=Winner!$F4,'Ohana Matches'!$U4*0.15, IF(Q$1=Winner!$G4,'Ohana Matches'!$U4*0.12, IF(Q$1=Winner!$H4,'Ohana Matches'!$U4*0.08,0))))) -> 0 | R4: =SUM(D4:N4) -> 0
A5: 4 | B5: 46112 | C5: PBKS vs GT | D5: =IF(D$1=Winner!$D5,'Ohana Matches'!$U5*0.4, IF(D$1=Winner!$E5,'Ohana Matches'!$U5*0.25, IF(D$1=Winner!$F5,'Ohana Matches'!$U5*0.15, IF(D$1=Winner!$G5,'Ohana Matches'!$U5*0.12, IF(D$1=Winner!$H5,'Ohana Matches'!$U5*0.08,0))))) -> 0 | E5: =IF(E$1=Winner!$D5,'Ohana Matches'!$U5*0.4, IF(E$1=Winner!$E5,'Ohana Matches'!$U5*0.25, IF(E$1=Winner!$F5,'Ohana Matches'!$U5*0.15, IF(E$1=Winner!$G5,'Ohana Matches'!$U5*0.12, IF(E$1=Winner!$H5,'Ohana Matches'!$U5*0.08,0))))) -> 0 | F5: =IF(F$1=Winner!$D5,'Ohana Matches'!$U5*0.4, IF(F$1=Winner!$E5,'Ohana Matches'!$U5*0.25, IF(F$1=Winner!$F5,'Ohana Matches'!$U5*0.15, IF(F$1=Winner!$G5,'Ohana Matches'!$U5*0.12, IF(F$1=Winner!$H5,'Ohana Matches'!$U5*0.08,0))))) -> 0 | G5: =IF(G$1=Winner!$D5,'Ohana Matches'!$U5*0.4, IF(G$1=Winner!$E5,'Ohana Matches'!$U5*0.25, IF(G$1=Winner!$F5,'Ohana Matches'!$U5*0.15, IF(G$1=Winner!$G5,'Ohana Matches'!$U5*0.12, IF(G$1=Winner!$H5,'Ohana Matches'!$U5*0.08,0))))) -> 0 | H5: =IF(H$1=Winner!$D5,'Ohana Matches'!$U5*0.4, IF(H$1=Winner!$E5,'Ohana Matches'!$U5*0.25, IF(H$1=Winner!$F5,'Ohana Matches'!$U5*0.15, IF(H$1=Winner!$G5,'Ohana Matches'!$U5*0.12, IF(H$1=Winner!$H5,'Ohana Matches'!$U5*0.08,0))))) -> 0 | I5: =IF(I$1=Winner!$D5,'Ohana Matches'!$U5*0.4, IF(I$1=Winner!$E5,'Ohana Matches'!$U5*0.25, IF(I$1=Winner!$F5,'Ohana Matches'!$U5*0.15, IF(I$1=Winner!$G5,'Ohana Matches'!$U5*0.12, IF(I$1=Winner!$H5,'Ohana Matches'!$U5*0.08,0))))) -> 0 | J5: =IF(J$1=Winner!$D5,'Ohana Matches'!$U5*0.4, IF(J$1=Winner!$E5,'Ohana Matches'!$U5*0.25, IF(J$1=Winner!$F5,'Ohana Matches'!$U5*0.15, IF(J$1=Winner!$G5,'Ohana Matches'!$U5*0.12, IF(J$1=Winner!$H5,'Ohana Matches'!$U5*0.08,0))))) -> 0 | K5: =IF(K$1=Winner!$D5,'Ohana Matches'!$U5*0.4, IF(K$1=Winner!$E5,'Ohana Matches'!$U5*0.25, IF(K$1=Winner!$F5,'Ohana Matches'!$U5*0.15, IF(K$1=Winner!$G5,'Ohana Matches'!$U5*0.12, IF(K$1=Winner!$H5,'Ohana Matches'!$U5*0.08,0))))) -> 0 | ... Q5: =IF(Q$1=Winner!$D5,'Ohana Matches'!$U5*0.4, IF(Q$1=Winner!$E5,'Ohana Matches'!$U5*0.25, IF(Q$1=Winner!$F5,'Ohana Matches'!$U5*0.15, IF(Q$1=Winner!$G5,'Ohana Matches'!$U5*0.12, IF(Q$1=Winner!$H5,'Ohana Matches'!$U5*0.08,0))))) -> 0 | R5: =SUM(D5:N5) -> 0
A6: 5 | B6: 46113 | C6: LSG vs DC | D6: =IF(D$1=Winner!$D6,'Ohana Matches'!$U6*0.4, IF(D$1=Winner!$E6,'Ohana Matches'!$U6*0.25, IF(D$1=Winner!$F6,'Ohana Matches'!$U6*0.15, IF(D$1=Winner!$G6,'Ohana Matches'!$U6*0.12, IF(D$1=Winner!$H6,'Ohana Matches'!$U6*0.08,0))))) -> 0 | E6: =IF(E$1=Winner!$D6,'Ohana Matches'!$U6*0.4, IF(E$1=Winner!$E6,'Ohana Matches'!$U6*0.25, IF(E$1=Winner!$F6,'Ohana Matches'!$U6*0.15, IF(E$1=Winner!$G6,'Ohana Matches'!$U6*0.12, IF(E$1=Winner!$H6,'Ohana Matches'!$U6*0.08,0))))) -> 0 | F6: =IF(F$1=Winner!$D6,'Ohana Matches'!$U6*0.4, IF(F$1=Winner!$E6,'Ohana Matches'!$U6*0.25, IF(F$1=Winner!$F6,'Ohana Matches'!$U6*0.15, IF(F$1=Winner!$G6,'Ohana Matches'!$U6*0.12, IF(F$1=Winner!$H6,'Ohana Matches'!$U6*0.08,0))))) -> 0 | G6: =IF(G$1=Winner!$D6,'Ohana Matches'!$U6*0.4, IF(G$1=Winner!$E6,'Ohana Matches'!$U6*0.25, IF(G$1=Winner!$F6,'Ohana Matches'!$U6*0.15, IF(G$1=Winner!$G6,'Ohana Matches'!$U6*0.12, IF(G$1=Winner!$H6,'Ohana Matches'!$U6*0.08,0))))) -> 0 | H6: =IF(H$1=Winner!$D6,'Ohana Matches'!$U6*0.4, IF(H$1=Winner!$E6,'Ohana Matches'!$U6*0.25, IF(H$1=Winner!$F6,'Ohana Matches'!$U6*0.15, IF(H$1=Winner!$G6,'Ohana Matches'!$U6*0.12, IF(H$1=Winner!$H6,'Ohana Matches'!$U6*0.08,0))))) -> 0 | I6: =IF(I$1=Winner!$D6,'Ohana Matches'!$U6*0.4, IF(I$1=Winner!$E6,'Ohana Matches'!$U6*0.25, IF(I$1=Winner!$F6,'Ohana Matches'!$U6*0.15, IF(I$1=Winner!$G6,'Ohana Matches'!$U6*0.12, IF(I$1=Winner!$H6,'Ohana Matches'!$U6*0.08,0))))) -> 0 | J6: =IF(J$1=Winner!$D6,'Ohana Matches'!$U6*0.4, IF(J$1=Winner!$E6,'Ohana Matches'!$U6*0.25, IF(J$1=Winner!$F6,'Ohana Matches'!$U6*0.15, IF(J$1=Winner!$G6,'Ohana Matches'!$U6*0.12, IF(J$1=Winner!$H6,'Ohana Matches'!$U6*0.08,0))))) -> 0 | K6: =IF(K$1=Winner!$D6,'Ohana Matches'!$U6*0.4, IF(K$1=Winner!$E6,'Ohana Matches'!$U6*0.25, IF(K$1=Winner!$F6,'Ohana Matches'!$U6*0.15, IF(K$1=Winner!$G6,'Ohana Matches'!$U6*0.12, IF(K$1=Winner!$H6,'Ohana Matches'!$U6*0.08,0))))) -> 0 | ... Q6: =IF(Q$1=Winner!$D6,'Ohana Matches'!$U6*0.4, IF(Q$1=Winner!$E6,'Ohana Matches'!$U6*0.25, IF(Q$1=Winner!$F6,'Ohana Matches'!$U6*0.15, IF(Q$1=Winner!$G6,'Ohana Matches'!$U6*0.12, IF(Q$1=Winner!$H6,'Ohana Matches'!$U6*0.08,0))))) -> 0 | R6: =SUM(D6:N6) -> 0
A7: 6 | B7: 46114 | C7: KKR vs SRH | D7: =IF(D$1=Winner!$D7,'Ohana Matches'!$U7*0.4, IF(D$1=Winner!$E7,'Ohana Matches'!$U7*0.25, IF(D$1=Winner!$F7,'Ohana Matches'!$U7*0.15, IF(D$1=Winner!$G7,'Ohana Matches'!$U7*0.12, IF(D$1=Winner!$H7,'Ohana Matches'!$U7*0.08,0))))) -> 0 | E7: =IF(E$1=Winner!$D7,'Ohana Matches'!$U7*0.4, IF(E$1=Winner!$E7,'Ohana Matches'!$U7*0.25, IF(E$1=Winner!$F7,'Ohana Matches'!$U7*0.15, IF(E$1=Winner!$G7,'Ohana Matches'!$U7*0.12, IF(E$1=Winner!$H7,'Ohana Matches'!$U7*0.08,0))))) -> 0 | F7: =IF(F$1=Winner!$D7,'Ohana Matches'!$U7*0.4, IF(F$1=Winner!$E7,'Ohana Matches'!$U7*0.25, IF(F$1=Winner!$F7,'Ohana Matches'!$U7*0.15, IF(F$1=Winner!$G7,'Ohana Matches'!$U7*0.12, IF(F$1=Winner!$H7,'Ohana Matches'!$U7*0.08,0))))) -> 0 | G7: =IF(G$1=Winner!$D7,'Ohana Matches'!$U7*0.4, IF(G$1=Winner!$E7,'Ohana Matches'!$U7*0.25, IF(G$1=Winner!$F7,'Ohana Matches'!$U7*0.15, IF(G$1=Winner!$G7,'Ohana Matches'!$U7*0.12, IF(G$1=Winner!$H7,'Ohana Matches'!$U7*0.08,0))))) -> 0 | H7: =IF(H$1=Winner!$D7,'Ohana Matches'!$U7*0.4, IF(H$1=Winner!$E7,'Ohana Matches'!$U7*0.25, IF(H$1=Winner!$F7,'Ohana Matches'!$U7*0.15, IF(H$1=Winner!$G7,'Ohana Matches'!$U7*0.12, IF(H$1=Winner!$H7,'Ohana Matches'!$U7*0.08,0))))) -> 0 | I7: =IF(I$1=Winner!$D7,'Ohana Matches'!$U7*0.4, IF(I$1=Winner!$E7,'Ohana Matches'!$U7*0.25, IF(I$1=Winner!$F7,'Ohana Matches'!$U7*0.15, IF(I$1=Winner!$G7,'Ohana Matches'!$U7*0.12, IF(I$1=Winner!$H7,'Ohana Matches'!$U7*0.08,0))))) -> 0 | J7: =IF(J$1=Winner!$D7,'Ohana Matches'!$U7*0.4, IF(J$1=Winner!$E7,'Ohana Matches'!$U7*0.25, IF(J$1=Winner!$F7,'Ohana Matches'!$U7*0.15, IF(J$1=Winner!$G7,'Ohana Matches'!$U7*0.12, IF(J$1=Winner!$H7,'Ohana Matches'!$U7*0.08,0))))) -> 0 | K7: =IF(K$1=Winner!$D7,'Ohana Matches'!$U7*0.4, IF(K$1=Winner!$E7,'Ohana Matches'!$U7*0.25, IF(K$1=Winner!$F7,'Ohana Matches'!$U7*0.15, IF(K$1=Winner!$G7,'Ohana Matches'!$U7*0.12, IF(K$1=Winner!$H7,'Ohana Matches'!$U7*0.08,0))))) -> 0 | ... Q7: =IF(Q$1=Winner!$D7,'Ohana Matches'!$U7*0.4, IF(Q$1=Winner!$E7,'Ohana Matches'!$U7*0.25, IF(Q$1=Winner!$F7,'Ohana Matches'!$U7*0.15, IF(Q$1=Winner!$G7,'Ohana Matches'!$U7*0.12, IF(Q$1=Winner!$H7,'Ohana Matches'!$U7*0.08,0))))) -> 0 | R7: =SUM(D7:N7) -> 0
A8: 7 | B8: 46115 | C8: CSK vs PBKS | D8: =IF(D$1=Winner!$D8,'Ohana Matches'!$U8*0.4, IF(D$1=Winner!$E8,'Ohana Matches'!$U8*0.25, IF(D$1=Winner!$F8,'Ohana Matches'!$U8*0.15, IF(D$1=Winner!$G8,'Ohana Matches'!$U8*0.12, IF(D$1=Winner!$H8,'Ohana Matches'!$U8*0.08,0))))) -> 0 | E8: =IF(E$1=Winner!$D8,'Ohana Matches'!$U8*0.4, IF(E$1=Winner!$E8,'Ohana Matches'!$U8*0.25, IF(E$1=Winner!$F8,'Ohana Matches'!$U8*0.15, IF(E$1=Winner!$G8,'Ohana Matches'!$U8*0.12, IF(E$1=Winner!$H8,'Ohana Matches'!$U8*0.08,0))))) -> 0 | F8: =IF(F$1=Winner!$D8,'Ohana Matches'!$U8*0.4, IF(F$1=Winner!$E8,'Ohana Matches'!$U8*0.25, IF(F$1=Winner!$F8,'Ohana Matches'!$U8*0.15, IF(F$1=Winner!$G8,'Ohana Matches'!$U8*0.12, IF(F$1=Winner!$H8,'Ohana Matches'!$U8*0.08,0))))) -> 0 | G8: =IF(G$1=Winner!$D8,'Ohana Matches'!$U8*0.4, IF(G$1=Winner!$E8,'Ohana Matches'!$U8*0.25, IF(G$1=Winner!$F8,'Ohana Matches'!$U8*0.15, IF(G$1=Winner!$G8,'Ohana Matches'!$U8*0.12, IF(G$1=Winner!$H8,'Ohana Matches'!$U8*0.08,0))))) -> 0 | H8: =IF(H$1=Winner!$D8,'Ohana Matches'!$U8*0.4, IF(H$1=Winner!$E8,'Ohana Matches'!$U8*0.25, IF(H$1=Winner!$F8,'Ohana Matches'!$U8*0.15, IF(H$1=Winner!$G8,'Ohana Matches'!$U8*0.12, IF(H$1=Winner!$H8,'Ohana Matches'!$U8*0.08,0))))) -> 0 | I8: =IF(I$1=Winner!$D8,'Ohana Matches'!$U8*0.4, IF(I$1=Winner!$E8,'Ohana Matches'!$U8*0.25, IF(I$1=Winner!$F8,'Ohana Matches'!$U8*0.15, IF(I$1=Winner!$G8,'Ohana Matches'!$U8*0.12, IF(I$1=Winner!$H8,'Ohana Matches'!$U8*0.08,0))))) -> 0 | J8: =IF(J$1=Winner!$D8,'Ohana Matches'!$U8*0.4, IF(J$1=Winner!$E8,'Ohana Matches'!$U8*0.25, IF(J$1=Winner!$F8,'Ohana Matches'!$U8*0.15, IF(J$1=Winner!$G8,'Ohana Matches'!$U8*0.12, IF(J$1=Winner!$H8,'Ohana Matches'!$U8*0.08,0))))) -> 0 | K8: =IF(K$1=Winner!$D8,'Ohana Matches'!$U8*0.4, IF(K$1=Winner!$E8,'Ohana Matches'!$U8*0.25, IF(K$1=Winner!$F8,'Ohana Matches'!$U8*0.15, IF(K$1=Winner!$G8,'Ohana Matches'!$U8*0.12, IF(K$1=Winner!$H8,'Ohana Matches'!$U8*0.08,0))))) -> 0 | ... Q8: =IF(Q$1=Winner!$D8,'Ohana Matches'!$U8*0.4, IF(Q$1=Winner!$E8,'Ohana Matches'!$U8*0.25, IF(Q$1=Winner!$F8,'Ohana Matches'!$U8*0.15, IF(Q$1=Winner!$G8,'Ohana Matches'!$U8*0.12, IF(Q$1=Winner!$H8,'Ohana Matches'!$U8*0.08,0))))) -> 0 | R8: =SUM(D8:N8) -> 0
A9: 8 | B9: 46116 | C9: DC vs MI | D9: =IF(D$1=Winner!$D9,'Ohana Matches'!$U9*0.4, IF(D$1=Winner!$E9,'Ohana Matches'!$U9*0.25, IF(D$1=Winner!$F9,'Ohana Matches'!$U9*0.15, IF(D$1=Winner!$G9,'Ohana Matches'!$U9*0.12, IF(D$1=Winner!$H9,'Ohana Matches'!$U9*0.08,0))))) -> 0 | E9: =IF(E$1=Winner!$D9,'Ohana Matches'!$U9*0.4, IF(E$1=Winner!$E9,'Ohana Matches'!$U9*0.25, IF(E$1=Winner!$F9,'Ohana Matches'!$U9*0.15, IF(E$1=Winner!$G9,'Ohana Matches'!$U9*0.12, IF(E$1=Winner!$H9,'Ohana Matches'!$U9*0.08,0))))) -> 0 | F9: =IF(F$1=Winner!$D9,'Ohana Matches'!$U9*0.4, IF(F$1=Winner!$E9,'Ohana Matches'!$U9*0.25, IF(F$1=Winner!$F9,'Ohana Matches'!$U9*0.15, IF(F$1=Winner!$G9,'Ohana Matches'!$U9*0.12, IF(F$1=Winner!$H9,'Ohana Matches'!$U9*0.08,0))))) -> 0 | G9: =IF(G$1=Winner!$D9,'Ohana Matches'!$U9*0.4, IF(G$1=Winner!$E9,'Ohana Matches'!$U9*0.25, IF(G$1=Winner!$F9,'Ohana Matches'!$U9*0.15, IF(G$1=Winner!$G9,'Ohana Matches'!$U9*0.12, IF(G$1=Winner!$H9,'Ohana Matches'!$U9*0.08,0))))) -> 0 | H9: =IF(H$1=Winner!$D9,'Ohana Matches'!$U9*0.4, IF(H$1=Winner!$E9,'Ohana Matches'!$U9*0.25, IF(H$1=Winner!$F9,'Ohana Matches'!$U9*0.15, IF(H$1=Winner!$G9,'Ohana Matches'!$U9*0.12, IF(H$1=Winner!$H9,'Ohana Matches'!$U9*0.08,0))))) -> 0 | I9: =IF(I$1=Winner!$D9,'Ohana Matches'!$U9*0.4, IF(I$1=Winner!$E9,'Ohana Matches'!$U9*0.25, IF(I$1=Winner!$F9,'Ohana Matches'!$U9*0.15, IF(I$1=Winner!$G9,'Ohana Matches'!$U9*0.12, IF(I$1=Winner!$H9,'Ohana Matches'!$U9*0.08,0))))) -> 0 | J9: =IF(J$1=Winner!$D9,'Ohana Matches'!$U9*0.4, IF(J$1=Winner!$E9,'Ohana Matches'!$U9*0.25, IF(J$1=Winner!$F9,'Ohana Matches'!$U9*0.15, IF(J$1=Winner!$G9,'Ohana Matches'!$U9*0.12, IF(J$1=Winner!$H9,'Ohana Matches'!$U9*0.08,0))))) -> 0 | K9: =IF(K$1=Winner!$D9,'Ohana Matches'!$U9*0.4, IF(K$1=Winner!$E9,'Ohana Matches'!$U9*0.25, IF(K$1=Winner!$F9,'Ohana Matches'!$U9*0.15, IF(K$1=Winner!$G9,'Ohana Matches'!$U9*0.12, IF(K$1=Winner!$H9,'Ohana Matches'!$U9*0.08,0))))) -> 0 | ... Q9: =IF(Q$1=Winner!$D9,'Ohana Matches'!$U9*0.4, IF(Q$1=Winner!$E9,'Ohana Matches'!$U9*0.25, IF(Q$1=Winner!$F9,'Ohana Matches'!$U9*0.15, IF(Q$1=Winner!$G9,'Ohana Matches'!$U9*0.12, IF(Q$1=Winner!$H9,'Ohana Matches'!$U9*0.08,0))))) -> 0 | R9: =SUM(D9:N9) -> 0
A10: 9 | B10: 46116 | C10: GT vs RR | D10: =IF(D$1=Winner!$D10,'Ohana Matches'!$U10*0.4, IF(D$1=Winner!$E10,'Ohana Matches'!$U10*0.25, IF(D$1=Winner!$F10,'Ohana Matches'!$U10*0.15, IF(D$1=Winner!$G10,'Ohana Matches'!$U10*0.12, IF(D$1=Winner!$H10,'Ohana Matches'!$U10*0.08,0))))) -> 0 | E10: =IF(E$1=Winner!$D10,'Ohana Matches'!$U10*0.4, IF(E$1=Winner!$E10,'Ohana Matches'!$U10*0.25, IF(E$1=Winner!$F10,'Ohana Matches'!$U10*0.15, IF(E$1=Winner!$G10,'Ohana Matches'!$U10*0.12, IF(E$1=Winner!$H10,'Ohana Matches'!$U10*0.08,0))))) -> 0 | F10: =IF(F$1=Winner!$D10,'Ohana Matches'!$U10*0.4, IF(F$1=Winner!$E10,'Ohana Matches'!$U10*0.25, IF(F$1=Winner!$F10,'Ohana Matches'!$U10*0.15, IF(F$1=Winner!$G10,'Ohana Matches'!$U10*0.12, IF(F$1=Winner!$H10,'Ohana Matches'!$U10*0.08,0))))) -> 0 | G10: =IF(G$1=Winner!$D10,'Ohana Matches'!$U10*0.4, IF(G$1=Winner!$E10,'Ohana Matches'!$U10*0.25, IF(G$1=Winner!$F10,'Ohana Matches'!$U10*0.15, IF(G$1=Winner!$G10,'Ohana Matches'!$U10*0.12, IF(G$1=Winner!$H10,'Ohana Matches'!$U10*0.08,0))))) -> 0 | H10: =IF(H$1=Winner!$D10,'Ohana Matches'!$U10*0.4, IF(H$1=Winner!$E10,'Ohana Matches'!$U10*0.25, IF(H$1=Winner!$F10,'Ohana Matches'!$U10*0.15, IF(H$1=Winner!$G10,'Ohana Matches'!$U10*0.12, IF(H$1=Winner!$H10,'Ohana Matches'!$U10*0.08,0))))) -> 0 | I10: =IF(I$1=Winner!$D10,'Ohana Matches'!$U10*0.4, IF(I$1=Winner!$E10,'Ohana Matches'!$U10*0.25, IF(I$1=Winner!$F10,'Ohana Matches'!$U10*0.15, IF(I$1=Winner!$G10,'Ohana Matches'!$U10*0.12, IF(I$1=Winner!$H10,'Ohana Matches'!$U10*0.08,0))))) -> 0 | J10: =IF(J$1=Winner!$D10,'Ohana Matches'!$U10*0.4, IF(J$1=Winner!$E10,'Ohana Matches'!$U10*0.25, IF(J$1=Winner!$F10,'Ohana Matches'!$U10*0.15, IF(J$1=Winner!$G10,'Ohana Matches'!$U10*0.12, IF(J$1=Winner!$H10,'Ohana Matches'!$U10*0.08,0))))) -> 0 | K10: =IF(K$1=Winner!$D10,'Ohana Matches'!$U10*0.4, IF(K$1=Winner!$E10,'Ohana Matches'!$U10*0.25, IF(K$1=Winner!$F10,'Ohana Matches'!$U10*0.15, IF(K$1=Winner!$G10,'Ohana Matches'!$U10*0.12, IF(K$1=Winner!$H10,'Ohana Matches'!$U10*0.08,0))))) -> 0 | ... Q10: =IF(Q$1=Winner!$D10,'Ohana Matches'!$U10*0.4, IF(Q$1=Winner!$E10,'Ohana Matches'!$U10*0.25, IF(Q$1=Winner!$F10,'Ohana Matches'!$U10*0.15, IF(Q$1=Winner!$G10,'Ohana Matches'!$U10*0.12, IF(Q$1=Winner!$H10,'Ohana Matches'!$U10*0.08,0))))) -> 0 | R10: =SUM(D10:N10) -> 0
A11: 10 | B11: 46117 | C11: SRH vs LSG | D11: =IF(D$1=Winner!$D11,'Ohana Matches'!$U11*0.4, IF(D$1=Winner!$E11,'Ohana Matches'!$U11*0.25, IF(D$1=Winner!$F11,'Ohana Matches'!$U11*0.15, IF(D$1=Winner!$G11,'Ohana Matches'!$U11*0.12, IF(D$1=Winner!$H11,'Ohana Matches'!$U11*0.08,0))))) -> 0 | E11: =IF(E$1=Winner!$D11,'Ohana Matches'!$U11*0.4, IF(E$1=Winner!$E11,'Ohana Matches'!$U11*0.25, IF(E$1=Winner!$F11,'Ohana Matches'!$U11*0.15, IF(E$1=Winner!$G11,'Ohana Matches'!$U11*0.12, IF(E$1=Winner!$H11,'Ohana Matches'!$U11*0.08,0))))) -> 0 | F11: =IF(F$1=Winner!$D11,'Ohana Matches'!$U11*0.4, IF(F$1=Winner!$E11,'Ohana Matches'!$U11*0.25, IF(F$1=Winner!$F11,'Ohana Matches'!$U11*0.15, IF(F$1=Winner!$G11,'Ohana Matches'!$U11*0.12, IF(F$1=Winner!$H11,'Ohana Matches'!$U11*0.08,0))))) -> 0 | G11: =IF(G$1=Winner!$D11,'Ohana Matches'!$U11*0.4, IF(G$1=Winner!$E11,'Ohana Matches'!$U11*0.25, IF(G$1=Winner!$F11,'Ohana Matches'!$U11*0.15, IF(G$1=Winner!$G11,'Ohana Matches'!$U11*0.12, IF(G$1=Winner!$H11,'Ohana Matches'!$U11*0.08,0))))) -> 0 | H11: =IF(H$1=Winner!$D11,'Ohana Matches'!$U11*0.4, IF(H$1=Winner!$E11,'Ohana Matches'!$U11*0.25, IF(H$1=Winner!$F11,'Ohana Matches'!$U11*0.15, IF(H$1=Winner!$G11,'Ohana Matches'!$U11*0.12, IF(H$1=Winner!$H11,'Ohana Matches'!$U11*0.08,0))))) -> 0 | I11: =IF(I$1=Winner!$D11,'Ohana Matches'!$U11*0.4, IF(I$1=Winner!$E11,'Ohana Matches'!$U11*0.25, IF(I$1=Winner!$F11,'Ohana Matches'!$U11*0.15, IF(I$1=Winner!$G11,'Ohana Matches'!$U11*0.12, IF(I$1=Winner!$H11,'Ohana Matches'!$U11*0.08,0))))) -> 0 | J11: =IF(J$1=Winner!$D11,'Ohana Matches'!$U11*0.4, IF(J$1=Winner!$E11,'Ohana Matches'!$U11*0.25, IF(J$1=Winner!$F11,'Ohana Matches'!$U11*0.15, IF(J$1=Winner!$G11,'Ohana Matches'!$U11*0.12, IF(J$1=Winner!$H11,'Ohana Matches'!$U11*0.08,0))))) -> 0 | K11: =IF(K$1=Winner!$D11,'Ohana Matches'!$U11*0.4, IF(K$1=Winner!$E11,'Ohana Matches'!$U11*0.25, IF(K$1=Winner!$F11,'Ohana Matches'!$U11*0.15, IF(K$1=Winner!$G11,'Ohana Matches'!$U11*0.12, IF(K$1=Winner!$H11,'Ohana Matches'!$U11*0.08,0))))) -> 0 | ... Q11: =IF(Q$1=Winner!$D11,'Ohana Matches'!$U11*0.4, IF(Q$1=Winner!$E11,'Ohana Matches'!$U11*0.25, IF(Q$1=Winner!$F11,'Ohana Matches'!$U11*0.15, IF(Q$1=Winner!$G11,'Ohana Matches'!$U11*0.12, IF(Q$1=Winner!$H11,'Ohana Matches'!$U11*0.08,0))))) -> 0 | R11: =SUM(D11:N11) -> 0
A12: 11 | B12: 46117 | C12: RCB vs CSK | D12: =IF(D$1=Winner!$D12,'Ohana Matches'!$U12*0.4, IF(D$1=Winner!$E12,'Ohana Matches'!$U12*0.25, IF(D$1=Winner!$F12,'Ohana Matches'!$U12*0.15, IF(D$1=Winner!$G12,'Ohana Matches'!$U12*0.12, IF(D$1=Winner!$H12,'Ohana Matches'!$U12*0.08,0))))) -> 0 | E12: =IF(E$1=Winner!$D12,'Ohana Matches'!$U12*0.4, IF(E$1=Winner!$E12,'Ohana Matches'!$U12*0.25, IF(E$1=Winner!$F12,'Ohana Matches'!$U12*0.15, IF(E$1=Winner!$G12,'Ohana Matches'!$U12*0.12, IF(E$1=Winner!$H12,'Ohana Matches'!$U12*0.08,0))))) -> 0 | F12: =IF(F$1=Winner!$D12,'Ohana Matches'!$U12*0.4, IF(F$1=Winner!$E12,'Ohana Matches'!$U12*0.25, IF(F$1=Winner!$F12,'Ohana Matches'!$U12*0.15, IF(F$1=Winner!$G12,'Ohana Matches'!$U12*0.12, IF(F$1=Winner!$H12,'Ohana Matches'!$U12*0.08,0))))) -> 0 | G12: =IF(G$1=Winner!$D12,'Ohana Matches'!$U12*0.4, IF(G$1=Winner!$E12,'Ohana Matches'!$U12*0.25, IF(G$1=Winner!$F12,'Ohana Matches'!$U12*0.15, IF(G$1=Winner!$G12,'Ohana Matches'!$U12*0.12, IF(G$1=Winner!$H12,'Ohana Matches'!$U12*0.08,0))))) -> 0 | H12: =IF(H$1=Winner!$D12,'Ohana Matches'!$U12*0.4, IF(H$1=Winner!$E12,'Ohana Matches'!$U12*0.25, IF(H$1=Winner!$F12,'Ohana Matches'!$U12*0.15, IF(H$1=Winner!$G12,'Ohana Matches'!$U12*0.12, IF(H$1=Winner!$H12,'Ohana Matches'!$U12*0.08,0))))) -> 0 | I12: =IF(I$1=Winner!$D12,'Ohana Matches'!$U12*0.4, IF(I$1=Winner!$E12,'Ohana Matches'!$U12*0.25, IF(I$1=Winner!$F12,'Ohana Matches'!$U12*0.15, IF(I$1=Winner!$G12,'Ohana Matches'!$U12*0.12, IF(I$1=Winner!$H12,'Ohana Matches'!$U12*0.08,0))))) -> 0 | J12: =IF(J$1=Winner!$D12,'Ohana Matches'!$U12*0.4, IF(J$1=Winner!$E12,'Ohana Matches'!$U12*0.25, IF(J$1=Winner!$F12,'Ohana Matches'!$U12*0.15, IF(J$1=Winner!$G12,'Ohana Matches'!$U12*0.12, IF(J$1=Winner!$H12,'Ohana Matches'!$U12*0.08,0))))) -> 0 | K12: =IF(K$1=Winner!$D12,'Ohana Matches'!$U12*0.4, IF(K$1=Winner!$E12,'Ohana Matches'!$U12*0.25, IF(K$1=Winner!$F12,'Ohana Matches'!$U12*0.15, IF(K$1=Winner!$G12,'Ohana Matches'!$U12*0.12, IF(K$1=Winner!$H12,'Ohana Matches'!$U12*0.08,0))))) -> 0 | ... Q12: =IF(Q$1=Winner!$D12,'Ohana Matches'!$U12*0.4, IF(Q$1=Winner!$E12,'Ohana Matches'!$U12*0.25, IF(Q$1=Winner!$F12,'Ohana Matches'!$U12*0.15, IF(Q$1=Winner!$G12,'Ohana Matches'!$U12*0.12, IF(Q$1=Winner!$H12,'Ohana Matches'!$U12*0.08,0))))) -> 0 | R12: =SUM(D12:N12) -> 0
A13: 12 | B13: 46118 | C13: KKR vs PBKS | D13: =IF(D$1=Winner!$D13,'Ohana Matches'!$U13*0.4, IF(D$1=Winner!$E13,'Ohana Matches'!$U13*0.25, IF(D$1=Winner!$F13,'Ohana Matches'!$U13*0.15, IF(D$1=Winner!$G13,'Ohana Matches'!$U13*0.12, IF(D$1=Winner!$H13,'Ohana Matches'!$U13*0.08,0))))) -> 0 | E13: =IF(E$1=Winner!$D13,'Ohana Matches'!$U13*0.4, IF(E$1=Winner!$E13,'Ohana Matches'!$U13*0.25, IF(E$1=Winner!$F13,'Ohana Matches'!$U13*0.15, IF(E$1=Winner!$G13,'Ohana Matches'!$U13*0.12, IF(E$1=Winner!$H13,'Ohana Matches'!$U13*0.08,0))))) -> 0 | F13: =IF(F$1=Winner!$D13,'Ohana Matches'!$U13*0.4, IF(F$1=Winner!$E13,'Ohana Matches'!$U13*0.25, IF(F$1=Winner!$F13,'Ohana Matches'!$U13*0.15, IF(F$1=Winner!$G13,'Ohana Matches'!$U13*0.12, IF(F$1=Winner!$H13,'Ohana Matches'!$U13*0.08,0))))) -> 0 | G13: =IF(G$1=Winner!$D13,'Ohana Matches'!$U13*0.4, IF(G$1=Winner!$E13,'Ohana Matches'!$U13*0.25, IF(G$1=Winner!$F13,'Ohana Matches'!$U13*0.15, IF(G$1=Winner!$G13,'Ohana Matches'!$U13*0.12, IF(G$1=Winner!$H13,'Ohana Matches'!$U13*0.08,0))))) -> 0 | H13: =IF(H$1=Winner!$D13,'Ohana Matches'!$U13*0.4, IF(H$1=Winner!$E13,'Ohana Matches'!$U13*0.25, IF(H$1=Winner!$F13,'Ohana Matches'!$U13*0.15, IF(H$1=Winner!$G13,'Ohana Matches'!$U13*0.12, IF(H$1=Winner!$H13,'Ohana Matches'!$U13*0.08,0))))) -> 0 | I13: =IF(I$1=Winner!$D13,'Ohana Matches'!$U13*0.4, IF(I$1=Winner!$E13,'Ohana Matches'!$U13*0.25, IF(I$1=Winner!$F13,'Ohana Matches'!$U13*0.15, IF(I$1=Winner!$G13,'Ohana Matches'!$U13*0.12, IF(I$1=Winner!$H13,'Ohana Matches'!$U13*0.08,0))))) -> 0 | J13: =IF(J$1=Winner!$D13,'Ohana Matches'!$U13*0.4, IF(J$1=Winner!$E13,'Ohana Matches'!$U13*0.25, IF(J$1=Winner!$F13,'Ohana Matches'!$U13*0.15, IF(J$1=Winner!$G13,'Ohana Matches'!$U13*0.12, IF(J$1=Winner!$H13,'Ohana Matches'!$U13*0.08,0))))) -> 0 | K13: =IF(K$1=Winner!$D13,'Ohana Matches'!$U13*0.4, IF(K$1=Winner!$E13,'Ohana Matches'!$U13*0.25, IF(K$1=Winner!$F13,'Ohana Matches'!$U13*0.15, IF(K$1=Winner!$G13,'Ohana Matches'!$U13*0.12, IF(K$1=Winner!$H13,'Ohana Matches'!$U13*0.08,0))))) -> 0 | ... Q13: =IF(Q$1=Winner!$D13,'Ohana Matches'!$U13*0.4, IF(Q$1=Winner!$E13,'Ohana Matches'!$U13*0.25, IF(Q$1=Winner!$F13,'Ohana Matches'!$U13*0.15, IF(Q$1=Winner!$G13,'Ohana Matches'!$U13*0.12, IF(Q$1=Winner!$H13,'Ohana Matches'!$U13*0.08,0))))) -> 0 | R13: =SUM(D13:N13) -> 0
A14: 13 | B14: 46119 | C14: MI Vs RR | D14: =IF(D$1=Winner!$D14,'Ohana Matches'!$U14*0.4, IF(D$1=Winner!$E14,'Ohana Matches'!$U14*0.25, IF(D$1=Winner!$F14,'Ohana Matches'!$U14*0.15, IF(D$1=Winner!$G14,'Ohana Matches'!$U14*0.12, IF(D$1=Winner!$H14,'Ohana Matches'!$U14*0.08,0))))) -> 0 | E14: =IF(E$1=Winner!$D14,'Ohana Matches'!$U14*0.4, IF(E$1=Winner!$E14,'Ohana Matches'!$U14*0.25, IF(E$1=Winner!$F14,'Ohana Matches'!$U14*0.15, IF(E$1=Winner!$G14,'Ohana Matches'!$U14*0.12, IF(E$1=Winner!$H14,'Ohana Matches'!$U14*0.08,0))))) -> 0 | F14: =IF(F$1=Winner!$D14,'Ohana Matches'!$U14*0.4, IF(F$1=Winner!$E14,'Ohana Matches'!$U14*0.25, IF(F$1=Winner!$F14,'Ohana Matches'!$U14*0.15, IF(F$1=Winner!$G14,'Ohana Matches'!$U14*0.12, IF(F$1=Winner!$H14,'Ohana Matches'!$U14*0.08,0))))) -> 0 | G14: =IF(G$1=Winner!$D14,'Ohana Matches'!$U14*0.4, IF(G$1=Winner!$E14,'Ohana Matches'!$U14*0.25, IF(G$1=Winner!$F14,'Ohana Matches'!$U14*0.15, IF(G$1=Winner!$G14,'Ohana Matches'!$U14*0.12, IF(G$1=Winner!$H14,'Ohana Matches'!$U14*0.08,0))))) -> 0 | H14: =IF(H$1=Winner!$D14,'Ohana Matches'!$U14*0.4, IF(H$1=Winner!$E14,'Ohana Matches'!$U14*0.25, IF(H$1=Winner!$F14,'Ohana Matches'!$U14*0.15, IF(H$1=Winner!$G14,'Ohana Matches'!$U14*0.12, IF(H$1=Winner!$H14,'Ohana Matches'!$U14*0.08,0))))) -> 0 | I14: =IF(I$1=Winner!$D14,'Ohana Matches'!$U14*0.4, IF(I$1=Winner!$E14,'Ohana Matches'!$U14*0.25, IF(I$1=Winner!$F14,'Ohana Matches'!$U14*0.15, IF(I$1=Winner!$G14,'Ohana Matches'!$U14*0.12, IF(I$1=Winner!$H14,'Ohana Matches'!$U14*0.08,0))))) -> 0 | J14: =IF(J$1=Winner!$D14,'Ohana Matches'!$U14*0.4, IF(J$1=Winner!$E14,'Ohana Matches'!$U14*0.25, IF(J$1=Winner!$F14,'Ohana Matches'!$U14*0.15, IF(J$1=Winner!$G14,'Ohana Matches'!$U14*0.12, IF(J$1=Winner!$H14,'Ohana Matches'!$U14*0.08,0))))) -> 0 | K14: =IF(K$1=Winner!$D14,'Ohana Matches'!$U14*0.4, IF(K$1=Winner!$E14,'Ohana Matches'!$U14*0.25, IF(K$1=Winner!$F14,'Ohana Matches'!$U14*0.15, IF(K$1=Winner!$G14,'Ohana Matches'!$U14*0.12, IF(K$1=Winner!$H14,'Ohana Matches'!$U14*0.08,0))))) -> 0 | ... Q14: =IF(Q$1=Winner!$D14,'Ohana Matches'!$U14*0.4, IF(Q$1=Winner!$E14,'Ohana Matches'!$U14*0.25, IF(Q$1=Winner!$F14,'Ohana Matches'!$U14*0.15, IF(Q$1=Winner!$G14,'Ohana Matches'!$U14*0.12, IF(Q$1=Winner!$H14,'Ohana Matches'!$U14*0.08,0))))) -> 0 | R14: =SUM(D14:N14) -> 0
... A71: 70 | B71: 46166 | C71: DC vs KKR | D71: =IF(D$1=Winner!$D71,'Ohana Matches'!$U71*0.4, IF(D$1=Winner!$E71,'Ohana Matches'!$U71*0.25, IF(D$1=Winner!$F71,'Ohana Matches'!$U71*0.15, IF(D$1=Winner!$G71,'Ohana Matches'!$U71*0.12, IF(D$1=Winner!$H71,'Ohana Matches'!$U71*0.08,0))))) -> 0 | E71: =IF(E$1=Winner!$D71,'Ohana Matches'!$U71*0.4, IF(E$1=Winner!$E71,'Ohana Matches'!$U71*0.25, IF(E$1=Winner!$F71,'Ohana Matches'!$U71*0.15, IF(E$1=Winner!$G71,'Ohana Matches'!$U71*0.12, IF(E$1=Winner!$H71,'Ohana Matches'!$U71*0.08,0))))) -> 0 | F71: =IF(F$1=Winner!$D71,'Ohana Matches'!$U71*0.4, IF(F$1=Winner!$E71,'Ohana Matches'!$U71*0.25, IF(F$1=Winner!$F71,'Ohana Matches'!$U71*0.15, IF(F$1=Winner!$G71,'Ohana Matches'!$U71*0.12, IF(F$1=Winner!$H71,'Ohana Matches'!$U71*0.08,0))))) -> 0 | G71: =IF(G$1=Winner!$D71,'Ohana Matches'!$U71*0.4, IF(G$1=Winner!$E71,'Ohana Matches'!$U71*0.25, IF(G$1=Winner!$F71,'Ohana Matches'!$U71*0.15, IF(G$1=Winner!$G71,'Ohana Matches'!$U71*0.12, IF(G$1=Winner!$H71,'Ohana Matches'!$U71*0.08,0))))) -> 0 | H71: =IF(H$1=Winner!$D71,'Ohana Matches'!$U71*0.4, IF(H$1=Winner!$E71,'Ohana Matches'!$U71*0.25, IF(H$1=Winner!$F71,'Ohana Matches'!$U71*0.15, IF(H$1=Winner!$G71,'Ohana Matches'!$U71*0.12, IF(H$1=Winner!$H71,'Ohana Matches'!$U71*0.08,0))))) -> 0 | I71: =IF(I$1=Winner!$D71,'Ohana Matches'!$U71*0.4, IF(I$1=Winner!$E71,'Ohana Matches'!$U71*0.25, IF(I$1=Winner!$F71,'Ohana Matches'!$U71*0.15, IF(I$1=Winner!$G71,'Ohana Matches'!$U71*0.12, IF(I$1=Winner!$H71,'Ohana Matches'!$U71*0.08,0))))) -> 0 | J71: =IF(J$1=Winner!$D71,'Ohana Matches'!$U71*0.4, IF(J$1=Winner!$E71,'Ohana Matches'!$U71*0.25, IF(J$1=Winner!$F71,'Ohana Matches'!$U71*0.15, IF(J$1=Winner!$G71,'Ohana Matches'!$U71*0.12, IF(J$1=Winner!$H71,'Ohana Matches'!$U71*0.08,0))))) -> 0 | K71: =IF(K$1=Winner!$D71,'Ohana Matches'!$U71*0.4, IF(K$1=Winner!$E71,'Ohana Matches'!$U71*0.25, IF(K$1=Winner!$F71,'Ohana Matches'!$U71*0.15, IF(K$1=Winner!$G71,'Ohana Matches'!$U71*0.12, IF(K$1=Winner!$H71,'Ohana Matches'!$U71*0.08,0))))) -> 0 | ... Q71: =IF(Q$1=Winner!$D71,'Ohana Matches'!$U71*0.4, IF(Q$1=Winner!$E71,'Ohana Matches'!$U71*0.25, IF(Q$1=Winner!$F71,'Ohana Matches'!$U71*0.15, IF(Q$1=Winner!$G71,'Ohana Matches'!$U71*0.12, IF(Q$1=Winner!$H71,'Ohana Matches'!$U71*0.08,0))))) -> 0 | R71: =SUM(D71:N71) -> 0
A72: Total | D72: =SUM(D2:D71) -> 272 | E72: =SUM(E2:E71) -> 0 | F72: =SUM(F2:F71) -> 0 | G72: =SUM(G2:G71) -> 0 | H72: =SUM(H2:H71) -> 170 | I72: =SUM(I2:I71) -> 0 | J72: =SUM(J2:J71) -> 81.6 | K72: =SUM(K2:K71) -> 0 | ... N72: =SUM(N2:N71) -> 0
C75: AnuragKYodha | D75: Anurag | E75: add email
C76: Breastteam | D76: Saikat | E76: saikat003@gmail.com

Sheet Winning Amount
A1: Team | B1: Amount for match 1-10 | C1: Amount for match 11-20 | D1: Amount for match 21-30 | E1: Amount for match 31-40 | F1: Amount for match 41-50 | G1: Amount for match 51-60 | H1: Amount for match 61-70
A2: AnuragKYodha | B2: =SUM('Winner Calculation'!D2:D11)-SUM('Ohana Matches'!D2:D11) -> 222 | C2: =SUM('Winner Calculation'!D12:D21)-SUM('Ohana Matches'!D12:D21) -> 0 | D2: =SUM('Winner Calculation'!D22:D31)-SUM('Ohana Matches'!D22:D31) -> 0 | E2: =SUM('Winner Calculation'!D32:D41)-SUM('Ohana Matches'!D32:D41) -> 0 | F2: =SUM('Winner Calculation'!D42:D51)-SUM('Ohana Matches'!D42:D51) -> 0 | G2: =SUM('Winner Calculation'!D52:D61)-SUM('Ohana Matches'!D52:D61) -> 0 | H2: =SUM('Winner Calculation'!D62:D71)-SUM('Ohana Matches'!D62:D71) -> 0
A3: Breastteam | B3: =SUM('Winner Calculation'!E2:E11)-SUM('Ohana Matches'!E2:E11) -> -50 | C3: =SUM('Winner Calculation'!E12:E21)-SUM('Ohana Matches'!E12:E21) -> 0 | D3: =SUM('Winner Calculation'!E22:E31)-SUM('Ohana Matches'!E22:E31) -> 0 | E3: =SUM('Winner Calculation'!E32:E41)-SUM('Ohana Matches'!E32:E41) -> 0 | F3: =SUM('Winner Calculation'!E42:E51)-SUM('Ohana Matches'!E42:E51) -> 0 | G3: =SUM('Winner Calculation'!E52:E61)-SUM('Ohana Matches'!E52:E61) -> 0 | H3: =SUM('Winner Calculation'!E62:E71)-SUM('Ohana Matches'!E62:E71) -> 0
A4: STARKBLR | B4: =SUM('Winner Calculation'!F2:F11)-SUM('Ohana Matches'!F2:F11) -> -50 | C4: =SUM('Winner Calculation'!F12:F21)-SUM('Ohana Matches'!F12:F21) -> 0 | D4: =SUM('Winner Calculation'!F22:F31)-SUM('Ohana Matches'!F22:F31) -> 0 | E4: =SUM('Winner Calculation'!F32:F41)-SUM('Ohana Matches'!F32:F41) -> 0 | F4: =SUM('Winner Calculation'!F42:F51)-SUM('Ohana Matches'!F42:F51) -> 0 | G4: =SUM('Winner Calculation'!F52:F61)-SUM('Ohana Matches'!F52:F61) -> 0 | H4: =SUM('Winner Calculation'!F62:F71)-SUM('Ohana Matches'!F62:F71) -> 0
A5: VinoCSKian | B5: =SUM('Winner Calculation'!G2:G11)-SUM('Ohana Matches'!G2:G11) -> -50 | C5: =SUM('Winner Calculation'!G12:G21)-SUM('Ohana Matches'!G12:G21) -> 0 | D5: =SUM('Winner Calculation'!G22:G31)-SUM('Ohana Matches'!G22:G31) -> 0 | E5: =SUM('Winner Calculation'!G32:G41)-SUM('Ohana Matches'!G32:G41) -> 0 | F5: =SUM('Winner Calculation'!G42:G51)-SUM('Ohana Matches'!G42:G51) -> 0 | G5: =SUM('Winner Calculation'!G52:G61)-SUM('Ohana Matches'!G52:G61) -> 0 | H5: =SUM('Winner Calculation'!G62:G71)-SUM('Ohana Matches'!G62:G71) -> 0
A6: RaviRCBian | B6: =SUM('Winner Calculation'!H2:H11)-SUM('Ohana Matches'!H2:H11) -> 120 | C6: =SUM('Winner Calculation'!H12:H21)-SUM('Ohana Matches'!H12:H21) -> 0 | D6: =SUM('Winner Calculation'!H22:H31)-SUM('Ohana Matches'!H22:H31) -> 0 | E6: =SUM('Winner Calculation'!H32:H41)-SUM('Ohana Matches'!H32:H41) -> 0 | F6: =SUM('Winner Calculation'!H42:H51)-SUM('Ohana Matches'!H42:H51) -> 0 | G6: =SUM('Winner Calculation'!H52:H61)-SUM('Ohana Matches'!H52:H61) -> 0 | H6: =SUM('Winner Calculation'!H62:H71)-SUM('Ohana Matches'!H62:H71) -> 0
A7: ThandaMilk | B7: =SUM('Winner Calculation'!$I2:$I11)-SUM('Ohana Matches'!$I2:$I11) -> -50 | C7: =SUM('Winner Calculation'!$I12:$I21)-SUM('Ohana Matches'!$I12:$I21) -> 0 | D7: =SUM('Winner Calculation'!$I22:$I31)-SUM('Ohana Matches'!$I22:$I31) -> 0 | E7: =SUM('Winner Calculation'!$I32:$I41)-SUM('Ohana Matches'!$I32:$I41) -> 0 | F7: =SUM('Winner Calculation'!$I42:$I51)-SUM('Ohana Matches'!$I42:$I51) -> 0 | G7: =SUM('Winner Calculation'!$I52:$I61)-SUM('Ohana Matches'!$I52:$I61) -> 0 | H7: =SUM('Winner Calculation'!$I62:$I71)-SUM('Ohana Matches'!$I62:$I71) -> 0
A8: BenChokes11 | B8: =SUM('Winner Calculation'!$J2:$J11)-SUM('Ohana Matches'!$J2:$J11) -> 31.6 | C8: =SUM('Winner Calculation'!$J12:$J21)-SUM('Ohana Matches'!$J12:$J21) -> 0 | D8: =SUM('Winner Calculation'!$J22:$J31)-SUM('Ohana Matches'!$J22:$J31) -> 0 | E8: =SUM('Winner Calculation'!$J32:$J41)-SUM('Ohana Matches'!$J32:$J41) -> 0 | F8: =SUM('Winner Calculation'!$J42:$J51)-SUM('Ohana Matches'!$J42:$J51) -> 0 | G8: =SUM('Winner Calculation'!$J52:$J61)-SUM('Ohana Matches'!$J52:$J61) -> 0 | H8: =SUM('Winner Calculation'!$J62:$J71)-SUM('Ohana Matches'!$J62:$J71) -> 0
A9: Rodney Ke Kiraak Pathey | B9: =SUM('Winner Calculation'!$K2:$K11)-SUM('Ohana Matches'!$K2:$K11) -> -30 | C9: =SUM('Winner Calculation'!$K12:$K21)-SUM('Ohana Matches'!$K12:$K21) -> 0 | D9: =SUM('Winner Calculation'!$K22:$K31)-SUM('Ohana Matches'!$K22:$K31) -> 0 | E9: =SUM('Winner Calculation'!$K32:$K41)-SUM('Ohana Matches'!$K32:$K41) -> 0 | F9: =SUM('Winner Calculation'!$K42:$K51)-SUM('Ohana Matches'!$K42:$K51) -> 0 | G9: =SUM('Winner Calculation'!$K52:$K61)-SUM('Ohana Matches'!$K52:$K61) -> 0 | H9: =SUM('Winner Calculation'!$K62:$K71)-SUM('Ohana Matches'!$K62:$K71) -> 0
A10: Rohitag87 | B10: =SUM('Winner Calculation'!$L2:$L11)-SUM('Ohana Matches'!$L2:$L11) -> 52 | C10: =SUM('Winner Calculation'!$L12:$L21)-SUM('Ohana Matches'!$L12:$L21) -> 0 | D10: =SUM('Winner Calculation'!$L22:$L31)-SUM('Ohana Matches'!$L22:$L31) -> 0 | E10: =SUM('Winner Calculation'!$L32:$L41)-SUM('Ohana Matches'!$L32:$L41) -> 0 | F10: =SUM('Winner Calculation'!$L42:$L51)-SUM('Ohana Matches'!$L42:$L51) -> 0 | G10: =SUM('Winner Calculation'!$L52:$L61)-SUM('Ohana Matches'!$L52:$L61) -> 0 | H10: =SUM('Winner Calculation'!$L62:$L71)-SUM('Ohana Matches'!$L62:$L71) -> 0
A11: Joy | B11: =SUM('Winner Calculation'!$M2:$M11)-SUM('Ohana Matches'!$M2:$M11) -> -50 | C11: =SUM('Winner Calculation'!$M12:$M21)-SUM('Ohana Matches'!$M12:$M21) -> 0 | D11: =SUM('Winner Calculation'!$M22:$M31)-SUM('Ohana Matches'!$M22:$M31) -> 0 | E11: =SUM('Winner Calculation'!$M32:$M41)-SUM('Ohana Matches'!$M32:$M41) -> 0 | F11: =SUM('Winner Calculation'!$M42:$M51)-SUM('Ohana Matches'!$M42:$M51) -> 0 | G11: =SUM('Winner Calculation'!$M52:$M761)-SUM('Ohana Matches'!$M52:$M61) -> 0 | H11: =SUM('Winner Calculation'!$M62:$M71)-SUM('Ohana Matches'!$M62:$M71) -> 0
A12: CdrGolmol | B12: =SUM('Winner Calculation'!$N2:$N11)-SUM('Ohana Matches'!$N2:$N11) -> -50 | C12: =SUM('Winner Calculation'!$N12:$N21)-SUM('Ohana Matches'!$N12:$N21) -> 0 | D12: =SUM('Winner Calculation'!$N22:$N31)-SUM('Ohana Matches'!$N22:$N31) -> 0 | E12: =SUM('Winner Calculation'!$N32:$N41)-SUM('Ohana Matches'!$N32:$N41) -> 0 | F12: =SUM('Winner Calculation'!$N42:$N51)-SUM('Ohana Matches'!$N42:$N51) -> 0 | G12: =SUM('Winner Calculation'!$N52:$N61)-SUM('Ohana Matches'!$N52:$N61) -> 0 | H12: =SUM('Winner Calculation'!$N62:$N71)-SUM('Ohana Matches'!$N62:$N71) -> 0
A13: dIbZy | B13: =SUM('Winner Calculation'!$O2:$O11)-SUM('Ohana Matches'!$O2:$O11) -> -50 | C13: =SUM('Winner Calculation'!$O12:$O21)-SUM('Ohana Matches'!$O12:$O21) -> 0 | D13: =SUM('Winner Calculation'!$O22:$O31)-SUM('Ohana Matches'!$O22:$O31) -> 0 | E13: =SUM('Winner Calculation'!$O32:$O41)-SUM('Ohana Matches'!$O32:$O41) -> 0 | F13: =SUM('Winner Calculation'!$O42:$O51)-SUM('Ohana Matches'!$O42:$O51) -> 0 | G13: =SUM('Winner Calculation'!$O52:$O61)-SUM('Ohana Matches'!$O52:$O61) -> 0 | H13: =SUM('Winner Calculation'!$O62:$O71)-SUM('Ohana Matches'!$O62:$O71) -> 0
A14: Rahul_soul | B14: =SUM('Winner Calculation'!$P2:$P11)-SUM('Ohana Matches'!$P2:$P11) -> 4.4 | C14: =SUM('Winner Calculation'!$P12:$P21)-SUM('Ohana Matches'!$P12:$P21) -> 0 | D14: =SUM('Winner Calculation'!$P22:$P31)-SUM('Ohana Matches'!$P22:$P31) -> 0 | E14: =SUM('Winner Calculation'!$P32:$P41)-SUM('Ohana Matches'!$P32:$P41) -> 0 | F14: =SUM('Winner Calculation'!$P42:$P51)-SUM('Ohana Matches'!$P42:$P51) -> 0 | G14: =SUM('Winner Calculation'!$P52:$P61)-SUM('Ohana Matches'!$P52:$P61) -> 0 | H14: =SUM('Winner Calculation'!$P62:$P71)-SUM('Ohana Matches'!$P62:$P71) -> 0
A15: unityzmbgod0 | B15: =SUM('Winner Calculation'!$Q2:$Q11)-SUM('Ohana Matches'!$P2:$P11) -> -50 | C15: =SUM('Winner Calculation'!$Q12:$Q21)-SUM('Ohana Matches'!$P12:$P21) -> 0 | D15: =SUM('Winner Calculation'!$Q22:$Q31)-SUM('Ohana Matches'!$P22:$P31) -> 0 | E15: =SUM('Winner Calculation'!$Q32:$Q41)-SUM('Ohana Matches'!$P32:$P41) -> 0 | F15: =SUM('Winner Calculation'!$Q42:$Q51)-SUM('Ohana Matches'!$P42:$P51) -> 0 | G15: =SUM('Winner Calculation'!$Q52:$Q61)-SUM('Ohana Matches'!$P52:$P61) -> 0 | H15: =SUM('Winner Calculation'!$Q62:$Q71)-SUM('Ohana Matches'!$P62:$P71) -> 0
A16: Total | B16: =SUM(B2:B15) -> 0 | C16: =SUM(C2:C14) -> 0 | D16: =SUM(D2:D14) -> 0 | E16: =SUM(E2:E14) -> 0 | F16: =SUM(F2:F14) -> 0 | G16: =SUM(G2:G14) -> 0 | H16: =SUM(H2:H14) -> 0

Sheet Mappings
B1: Users | C1: Name | D1: Mobile no. | E1: Email Address
B2: AnuragKYodha | C2: Anurag
B3: Breastteam | C3: Saikat | E3: saikat003@gmail.com
B4: STARKBLR
B5: VinoCSKian | C5: Vinoth
B6: RaviRCBian | C6: Ravi
B7: ThandaMilk
B8: BenChokes11
B9: Rodney Ke Kiraak Pathey | C9: Rodney
B10: Rohitag87 | C10: Rohit Agarwal
B11: Joy | C11: Joy
B12: CdrGolmol | C12: Abhishek
B13: dIbZy | C13: Dibya
B14: Rahul_soul | C14: Rahul
B15: unityzmbgod0 | C15: Vishal | D15: 8976627091 | E15: vishalrmallick@gmail.com
